{
 "n_items": 64350,
 "missing_claude": [],
 "pairs": {
  "claude_vs_shipped": {
   "n": 64350,
   "agreement": 0.8218,
   "kappa": 0.745,
   "mean_gain_delta": 0.00622,
   "mean_abs_gain_delta": 0.08079,
   "confusion": [
    [
     23289,
     2109,
     313,
     320
    ],
    [
     1884,
     6039,
     374,
     2193
    ],
    [
     376,
     436,
     6204,
     1845
    ],
    [
     200,
     868,
     548,
     17352
    ]
   ]
  },
  "claude_vs_g25": {
   "n": 64350,
   "agreement": 0.8184,
   "kappa": 0.7384,
   "mean_gain_delta": -0.0226,
   "mean_abs_gain_delta": 0.0895,
   "confusion": [
    [
     23931,
     1588,
     207,
     305
    ],
    [
     2724,
     5764,
     266,
     1736
    ],
    [
     703,
     427,
     6153,
     1578
    ],
    [
     297,
     1168,
     689,
     16814
    ]
   ]
  },
  "g25_vs_shipped": {
   "n": 64350,
   "agreement": 0.8612,
   "kappa": 0.798,
   "mean_gain_delta": 0.02882,
   "mean_abs_gain_delta": 0.06245,
   "confusion": [
    [
     24690,
     2218,
     391,
     356
    ],
    [
     863,
     6204,
     192,
     1688
    ],
    [
     83,
     169,
     5960,
     1103
    ],
    [
     113,
     861,
     896,
     18563
    ]
   ]
  }
 },
 "per_sector": {
  "auto": {
   "claude_vs_shipped": {
    "n": 9808,
    "agreement": 0.8324,
    "kappa": 0.7365,
    "mean_gain_delta": 0.01877,
    "mean_abs_gain_delta": 0.09696
   },
   "claude_vs_g25": {
    "n": 9808,
    "agreement": 0.8444,
    "kappa": 0.7514,
    "mean_gain_delta": -0.00686,
    "mean_abs_gain_delta": 0.0916
   },
   "g25_vs_shipped": {
    "n": 9808,
    "agreement": 0.8865,
    "kappa": 0.8205,
    "mean_gain_delta": 0.02563,
    "mean_abs_gain_delta": 0.05545
   }
  },
  "cosmetics": {
   "claude_vs_shipped": {
    "n": 8903,
    "agreement": 0.7866,
    "kappa": 0.6726,
    "mean_gain_delta": -0.01994,
    "mean_abs_gain_delta": 0.11282
   },
   "claude_vs_g25": {
    "n": 8903,
    "agreement": 0.7632,
    "kappa": 0.6306,
    "mean_gain_delta": -0.05342,
    "mean_abs_gain_delta": 0.13385
   },
   "g25_vs_shipped": {
    "n": 8903,
    "agreement": 0.8338,
    "kappa": 0.7354,
    "mean_gain_delta": 0.03349,
    "mean_abs_gain_delta": 0.08887
   }
  },
  "electronics": {
   "claude_vs_shipped": {
    "n": 9222,
    "agreement": 0.8399,
    "kappa": 0.7724,
    "mean_gain_delta": 0.00293,
    "mean_abs_gain_delta": 0.07052
   },
   "claude_vs_g25": {
    "n": 9222,
    "agreement": 0.8313,
    "kappa": 0.7577,
    "mean_gain_delta": -0.03128,
    "mean_abs_gain_delta": 0.07873
   },
   "g25_vs_shipped": {
    "n": 9222,
    "agreement": 0.8653,
    "kappa": 0.8057,
    "mean_gain_delta": 0.03421,
    "mean_abs_gain_delta": 0.05709
   }
  },
  "fast_fashion": {
   "claude_vs_shipped": {
    "n": 9746,
    "agreement": 0.792,
    "kappa": 0.6885,
    "mean_gain_delta": 0.01587,
    "mean_abs_gain_delta": 0.07845
   },
   "claude_vs_g25": {
    "n": 9746,
    "agreement": 0.7956,
    "kappa": 0.6924,
    "mean_gain_delta": -0.00503,
    "mean_abs_gain_delta": 0.07723
   },
   "g25_vs_shipped": {
    "n": 9746,
    "agreement": 0.8699,
    "kappa": 0.801,
    "mean_gain_delta": 0.0209,
    "mean_abs_gain_delta": 0.05069
   }
  },
  "furniture": {
   "claude_vs_shipped": {
    "n": 8096,
    "agreement": 0.8158,
    "kappa": 0.7427,
    "mean_gain_delta": 0.00507,
    "mean_abs_gain_delta": 0.07739
   },
   "claude_vs_g25": {
    "n": 8096,
    "agreement": 0.7994,
    "kappa": 0.7175,
    "mean_gain_delta": -0.01751,
    "mean_abs_gain_delta": 0.09281
   },
   "g25_vs_shipped": {
    "n": 8096,
    "agreement": 0.8402,
    "kappa": 0.7746,
    "mean_gain_delta": 0.02258,
    "mean_abs_gain_delta": 0.06113
   }
  },
  "marketplace": {
   "claude_vs_shipped": {
    "n": 8362,
    "agreement": 0.8518,
    "kappa": 0.7681,
    "mean_gain_delta": 0.00169,
    "mean_abs_gain_delta": 0.05073
   },
   "claude_vs_g25": {
    "n": 8362,
    "agreement": 0.8512,
    "kappa": 0.771,
    "mean_gain_delta": -0.01321,
    "mean_abs_gain_delta": 0.0592
   },
   "g25_vs_shipped": {
    "n": 8362,
    "agreement": 0.8914,
    "kappa": 0.8259,
    "mean_gain_delta": 0.0149,
    "mean_abs_gain_delta": 0.03268
   }
  },
  "pharmacy": {
   "claude_vs_shipped": {
    "n": 10213,
    "agreement": 0.8346,
    "kappa": 0.7443,
    "mean_gain_delta": 0.01534,
    "mean_abs_gain_delta": 0.07615
   },
   "claude_vs_g25": {
    "n": 10213,
    "agreement": 0.8396,
    "kappa": 0.7545,
    "mean_gain_delta": -0.03148,
    "mean_abs_gain_delta": 0.09242
   },
   "g25_vs_shipped": {
    "n": 10213,
    "agreement": 0.8406,
    "kappa": 0.7495,
    "mean_gain_delta": 0.04682,
    "mean_abs_gain_delta": 0.08761
   }
  }
 },
 "per_tier": {
  "complex": {
   "claude_vs_shipped": {
    "n": 16531,
    "agreement": 0.7488,
    "kappa": 0.6134,
    "mean_gain_delta": 0.01113,
    "mean_abs_gain_delta": 0.10241
   },
   "claude_vs_g25": {
    "n": 16531,
    "agreement": 0.7387,
    "kappa": 0.6,
    "mean_gain_delta": -0.02955,
    "mean_abs_gain_delta": 0.11811
   },
   "g25_vs_shipped": {
    "n": 16531,
    "agreement": 0.7957,
    "kappa": 0.6731,
    "mean_gain_delta": 0.04068,
    "mean_abs_gain_delta": 0.08103
   }
  },
  "medium": {
   "claude_vs_shipped": {
    "n": 20635,
    "agreement": 0.8191,
    "kappa": 0.7421,
    "mean_gain_delta": 0.01647,
    "mean_abs_gain_delta": 0.08061
   },
   "claude_vs_g25": {
    "n": 20635,
    "agreement": 0.8068,
    "kappa": 0.7263,
    "mean_gain_delta": -0.00839,
    "mean_abs_gain_delta": 0.09237
   },
   "g25_vs_shipped": {
    "n": 20635,
    "agreement": 0.8554,
    "kappa": 0.793,
    "mean_gain_delta": 0.02485,
    "mean_abs_gain_delta": 0.05944
   }
  },
  "simple": {
   "claude_vs_shipped": {
    "n": 27184,
    "agreement": 0.8683,
    "kappa": 0.7614,
    "mean_gain_delta": -0.00456,
    "mean_abs_gain_delta": 0.06777
   },
   "claude_vs_g25": {
    "n": 27184,
    "agreement": 0.8756,
    "kappa": 0.7683,
    "mean_gain_delta": -0.02916,
    "mean_abs_gain_delta": 0.06991
   },
   "g25_vs_shipped": {
    "n": 27184,
    "agreement": 0.9054,
    "kappa": 0.8231,
    "mean_gain_delta": 0.0246,
    "mean_abs_gain_delta": 0.05343
   }
  }
 },
 "metrics": {
  "shipped": {
   "quissly": {
    "ezr": 0.0739,
    "p@10": 0.5636,
    "recall@10": 0.4286,
    "ndcg@10": 0.7378,
    "p@20": 0.5243,
    "recall@20": 0.6549,
    "ndcg@20": 0.7728
   },
   "doofinder": {
    "ezr": 0.1183,
    "p@10": 0.4459,
    "recall@10": 0.2816,
    "ndcg@10": 0.5424,
    "p@20": 0.4154,
    "recall@20": 0.417,
    "ndcg@20": 0.545
   },
   "luigisbox": {
    "ezr": 0.2446,
    "p@10": 0.4393,
    "recall@10": 0.2602,
    "ndcg@10": 0.5081,
    "p@20": 0.4118,
    "recall@20": 0.3778,
    "ndcg@20": 0.5041
   },
   "clerk": {
    "ezr": 0.1978,
    "p@10": 0.4135,
    "recall@10": 0.2599,
    "ndcg@10": 0.4924,
    "p@20": 0.3868,
    "recall@20": 0.3814,
    "ndcg@20": 0.4921
   },
   "algolia": {
    "ezr": 0.3789,
    "p@10": 0.3869,
    "recall@10": 0.2306,
    "ndcg@10": 0.4406,
    "p@20": 0.362,
    "recall@20": 0.3372,
    "ndcg@20": 0.4377
   }
  },
  "claude": {
   "quissly": {
    "ezr": 0.0548,
    "p@10": 0.5759,
    "recall@10": 0.4203,
    "ndcg@10": 0.7228,
    "p@20": 0.5348,
    "recall@20": 0.6523,
    "ndcg@20": 0.76
   },
   "doofinder": {
    "ezr": 0.077,
    "p@10": 0.4544,
    "recall@10": 0.2794,
    "ndcg@10": 0.5354,
    "p@20": 0.4215,
    "recall@20": 0.4133,
    "ndcg@20": 0.5422
   },
   "luigisbox": {
    "ezr": 0.2049,
    "p@10": 0.4522,
    "recall@10": 0.2532,
    "ndcg@10": 0.5043,
    "p@20": 0.42,
    "recall@20": 0.3721,
    "ndcg@20": 0.4994
   },
   "clerk": {
    "ezr": 0.1557,
    "p@10": 0.4209,
    "recall@10": 0.2457,
    "ndcg@10": 0.482,
    "p@20": 0.3911,
    "recall@20": 0.3669,
    "ndcg@20": 0.4819
   },
   "algolia": {
    "ezr": 0.3566,
    "p@10": 0.3942,
    "recall@10": 0.2212,
    "ndcg@10": 0.4364,
    "p@20": 0.3673,
    "recall@20": 0.3245,